經度,緯度,期間平均室外溫度(°),相對溼度(%),降水量(mm),日照時數(hour),期間平均太陽輻射量(kW/m²),能見度(km),總雲量(0~10),太陽高度角(°),天氣現象,海拔(m),設備容量(kW),故障率(%),遮蔽率(%),擺放角度(°),面板溫度(°)
121.6133°E,23.9751°N,24.9,84,0.0,6.5,6.194,18.0,4.4,81,多雲有靄,16.1,1542.4742609543441,0.013151520164902234,91.8747008099885,25.57795941646805,35.56842855252689
121.6133°E,23.9751°N,26.0,93,4.0,7.9,6.45,17.0,4.6,82,多雲有雨,16.1,9569.536413414893,0.0017809754489993253,60.60831843588289,25.75200054421217,53.0547108221857
121.6133°E,23.9751°N,26.2,94,6.0,7.8,6.758,19.0,4.6,82,多雲有雨,16.1,23.590075951616857,0.008040467522803314,16.07167531255701,25.033341801355515,36.61619595904132
121.6133°E,23.9751°N,26.9,94,1.0,8.7,7.025,19.0,3.4,82,晴有雨,16.1,1352.9665735127994,0.0009497003428589696,67.14526452120026,23.860019113000057,53.22336596092053
121.6133°E,23.9751°N,27.5,94,0.5,8.1,6.814,16.8,6.2,82,多雲有靄,16.1,2896.578248522005,0.014659548877982043,97.80580790165189,24.473428446941412,56.506270493990506
121.6133°E,23.9751°N,24.8,95,3.5,0.4,2.458,16.6,9.0,83,陰有雨,16.1,7674.989030554267,0.015435738971302218,45.13084114213143,23.577626509446695,54.702763206771166
121.6133°E,23.9751°N,21.8,86,1.0,0.0,1.481,11.8,10.0,83,陰有雨,16.1,1776.4641952029551,0.03813277819038987,37.372314882391535,23.837132400690045,32.5033652294161
121.6133°E,23.9751°N,21.8,70,0.0,3.2,3.672,14.4,7.2,84,多雲,16.1,843.6424246487247,0.015836880647824125,2.7907788861532556,23.175780239295946,36.21705041657771
121.6133°E,23.9751°N,23.6,68,0.0,5.6,6.064,19.6,7.0,84,多雲,16.1,551.1449134086612,0.007894211646578593,80.35166506773763,22.42950687815927,39.14234428850393
121.6133°E,23.9751°N,23.7,82,0.5,3.9,3.781,16.8,8.0,84,多雲有靄,16.1,6417.139238762544,0.006904811487050975,46.14402600659552,25.554072295711563,45.815553862711695
121.6133°E,23.9751°N,22.6,92,12.5,0.0,1.383,10.8,10.0,84,陰有雨,16.1,6033.952676072369,0.005356863499039996,94.45814621563248,22.268980175769062,44.50304913272181
121.6133°E,23.9751°N,21.7,88,1.0,0.0,1.111,13.0,10.0,85,陰有雨,16.1,312.47955744681207,0.011026498084056854,86.24651622976151,25.741650849358628,40.61254106821251
121.6133°E,23.9751°N,22.6,85,1.0,0.0,2.836,17.0,9.6,85,陰有雨,16.1,6699.906366725115,0.02973038782217606,29.145668500665288,25.804769694956228,40.71916685919285
121.6133°E,23.9751°N,24.9,86,0.0,5.9,6.458,13.8,6.8,85,多雲有靄,16.1,9465.611667805668,0.017503244366310903,0.32879687523396095,25.57551399862793,53.29729741924646
121.6133°E,23.9751°N,26.4,82,0.0,4.3,3.95,14.0,6.4,86,多雲有靄,16.1,60.08764932897441,0.009005750751481077,59.96191883973378,23.224235987373007,37.797473495261755
121.6133°E,23.9751°N,25.3,86,13.5,2.0,2.331,10.0,8.4,86,多雲有雨,16.1,8007.541607921059,0.02843140195297109,21.06076388528839,23.48486312944258,43.356944203453466
121.6133°E,23.9751°N,23.6,96,3.0,0.0,1.275,8.8,10.0,86,陰有雨,16.1,8851.891766633516,0.0019107246752757669,33.38324855146031,25.08899373543738,36.30870269135222
121.6133°E,23.9751°N,26.2,86,0.0,3.8,5.181,15.0,5.6,86,多雲有靄,16.1,1917.916011783302,0.005751432873188448,25.380819392768938,22.41304168532608,54.81352028763773
121.6133°E,23.9751°N,27.1,81,1.0,7.5,6.022,15.0,6.0,86,多雲有雨,16.1,1264.7464504621994,0.008560123717669623,6.772616162569478,23.39687169920409,43.794481549535455
121.6133°E,23.9751°N,22.5,84,6.5,0.0,0.883,10.0,10.0,87,陰有雨,16.1,1775.8861658001374,9.454253979231858e-05,59.74588046391233,22.313654081408487,38.81336473857331
121.6133°E,23.9751°N,26.0,82,0.0,6.4,6.028,17.0,4.2,87,多雲有靄,16.1,9686.214671370699,0.022933200943396657,54.39434095685136,23.59691754834004,50.84820626353587
121.6133°E,23.9751°N,25.7,90,38.5,3.2,4.667,18.6,7.6,87,多雲有雨,16.1,6437.686424636262,0.011682964406150109,74.65837898057559,24.540890382462468,41.664620584632736
121.6133°E,23.9751°N,24.5,87,12.5,0.0,3.014,13.0,9.8,87,陰有雨,16.1,3758.90312529928,0.049230741140127085,61.839271273933996,22.028513688764985,45.988655896541374
121.6133°E,23.9751°N,26.3,75,0.0,10.3,7.264,22.0,1.8,87,晴有靄,16.1,7777.016841344137,0.033433083126798664,11.62057334478247,22.961505912492363,44.678773614351456
121.6133°E,23.9751°N,28.3,78,0.0,8.0,7.036,18.2,6.4,88,多雲有靄,16.1,6320.683435591682,0.001197336050187011,96.91823796114413,24.948771872902057,48.653785900709366
121.6133°E,23.9751°N,28.1,79,17.0,1.1,2.431,14.6,8.8,88,多雲有雨,16.1,1645.635081232992,0.032345475929838705,88.25707003390507,22.179254400100284,53.59880430869458
121.6133°E,23.9751°N,28.5,72,4.0,2.6,4.111,13.2,8.8,88,多雲有雨,16.1,1059.8456290821691,0.022938072692953823,62.984997895114034,25.08022533706128,43.69634975535228
121.6133°E,23.9751°N,28.6,74,0.0,9.7,6.772,22.6,4.6,88,多雲,16.1,6389.4917795523115,0.017404594464513482,42.44851388775528,24.09911215121713,57.51956245340121
121.6133°E,23.9751°N,27.8,82,2.5,4.0,5.042,15.8,8.0,88,多雲有雨,16.1,9992.737347780285,0.010432048412786396,52.190267535715606,24.00482792591465,43.51386051845216
121.6133°E,23.9751°N,27.4,87,55.5,5.4,5.858,14.4,7.6,88,多雲有雨,16.1,2485.1364542588103,0.0017518789903399241,15.391860735096497,24.822010350821074,54.57504810904071
121.6133°E,23.9751°N,27.2,89,37.0,6.9,6.303,12.0,6.0,88,多雲有雨,16.1,6864.727266611051,0.003016308252377969,54.56023269980058,24.719566939321727,43.19385789986826
121.6133°E,23.9751°N,28.0,87,1.0,8.3,7.144,13.8,4.4,89,多雲有雨,16.1,2154.3628768236053,0.020030884555774123,4.172595062186934,24.557041478177123,40.56386205012173
121.6133°E,23.9751°N,27.4,87,17.0,9.0,7.125,19.0,3.4,89,晴有雨,16.1,5476.977376920133,0.0035847216699410036,45.75829484147603,22.31285123225497,52.20453186488893
121.6133°E,23.9751°N,27.2,88,1.5,8.1,6.119,21.0,4.6,89,多雲有雨,16.1,3638.0144499927296,0.0038087492984196203,18.614562007599368,24.052095219058778,39.452445580871725
121.6133°E,23.9751°N,27.4,85,1.0,8.0,6.664,22.0,4.6,89,多雲有雨,16.1,4839.771969052131,0.029835990715896078,66.07354619910754,24.42884045815569,39.877643098504635
121.6133°E,23.9751°N,26.6,92,138.5,4.3,5.422,17.6,6.4,89,多雲有雨,16.1,3516.0639261447845,0.0067047427940660365,22.192366622281313,22.88262115807792,39.45656289905366
121.6133°E,23.9751°N,26.3,91,8.0,1.0,3.489,13.8,9.2,89,陰有雨,16.1,7294.521786563965,0.0014653773453242788,15.501128690525178,22.657696024867608,51.7062441112362
121.6133°E,23.9751°N,27.0,88,1.0,4.6,5.019,16.0,6.8,89,多雲有雨,16.1,2392.7462118823537,0.01617147357500474,66.12133682000852,24.593315999329544,41.65951885784599
121.6133°E,23.9751°N,25.6,91,76.0,0.5,1.969,8.9,10.0,89,陰有雨,16.1,4210.326725311966,0.009711286372616692,90.54359547749587,25.53132552359794,39.173625654255304
121.6133°E,23.9751°N,26.8,85,13.0,2.2,4.072,17.6,6.2,89,多雲有雨,16.1,3879.6473790458917,0.020367967361865698,43.329313679157224,24.813549077467727,40.01804275702506
121.6133°E,23.9751°N,24.6,94,24.0,0.0,1.311,9.6,10.0,89,陰有雨,16.1,8637.65450656727,0.0001442537014551486,51.26233448800741,22.54902102767973,47.43311002671443
121.6133°E,23.9751°N,26.3,93,16.5,0.4,3.411,13.6,9.2,89,陰有雨,16.1,5391.515932481446,0.018847946564010967,17.10557216327111,24.080831057669787,41.13710817465237
121.6133°E,23.9751°N,28.3,89,0.0,3.1,5.436,18.2,8.6,89,多雲有靄,16.1,4562.684908572475,0.0011202155152182044,95.06270720400909,24.301217477146057,48.59380611761827
121.6133°E,23.9751°N,29.0,82,0.0,8.8,6.839,18.6,7.2,89,多雲有靄,16.1,7767.385402996734,0.010807008325167195,42.75583551925739,22.59267064265446,50.334031946087
121.6133°E,23.9751°N,28.8,74,0.0,12.0,7.761,22.0,5.6,89,多雲,16.1,5091.521793745057,0.005894067316520304,82.86244464591645,25.69280180380786,55.375302163125596
121.6133°E,23.9751°N,28.9,76,0.0,12.3,7.719,16.2,4.8,89,多雲有靄,16.1,268.64360215333807,0.024390318565796404,33.397227460555825,23.484304637845653,55.26561868255594
121.6133°E,23.9751°N,29.4,73,0.0,9.1,6.939,16.2,7.2,89,多雲,16.1,1981.3328161092736,0.00212284955669087,27.060288082145334,22.4039709068371,55.620413316993336
121.6133°E,23.9751°N,28.8,79,0.0,9.8,6.911,23.0,4.4,89,多雲有靄,16.1,2460.554896970409,0.011990763119226025,0.4862687774620622,22.96398359176513,55.39814390399457
121.6133°E,23.9751°N,28.7,77,0.0,11.2,7.775,22.0,2.8,89,晴有靄,16.1,4112.19206262532,0.0009508774542492403,92.75162708400106,25.707190475070615,56.26513177773582
121.6133°E,23.9751°N,26.6,87,8.5,0.0,2.197,12.2,10.0,89,陰有雨,16.1,4015.8515976419444,0.0032703626439675344,75.68208313633393,24.010630320659274,44.105463772855146
121.6133°E,23.9751°N,27.6,87,40.5,4.3,5.136,18.6,7.6,89,多雲有雨,16.1,5977.918889032546,0.01025166116365122,93.48383717071745,24.902382985200685,46.21139263565996
121.6133°E,23.9751°N,27.9,88,0.0,4.5,5.242,14.0,6.2,89,多雲有靄,16.1,4595.711750793412,0.06245080290493628,0.6519602935150193,25.35892068243853,45.14962267813366
121.6133°E,23.9751°N,28.7,83,0.0,11.1,7.728,18.0,2.4,89,晴有靄,16.1,3973.468862930503,0.003964963115843124,21.628822450505748,24.220807297310404,40.76174654668017
121.6133°E,23.9751°N,29.4,77,0.0,11.6,7.731,22.0,6.0,89,多雲有靄,16.1,3113.948443058066,0.015744583196271526,95.57343134313784,24.833328034127742,41.70490668799405
121.6133°E,23.9751°N,29.7,74,0.0,12.2,7.686,22.0,4.6,89,多雲,16.1,4479.170089507466,0.007026204533810164,40.50306254824822,24.664902400423966,56.20971193371109
121.6133°E,23.9751°N,29.6,75,0.0,12.4,7.706,20.6,5.6,89,多雲有靄,16.1,8160.267647101229,0.00695919737177552,85.80126387117511,22.79723847075772,53.914818332097184
121.6133°E,23.9751°N,29.7,73,0.0,12.5,7.842,20.6,2.8,89,晴天,16.1,8158.899554678032,0.0012913095893960786,94.75383118599196,24.322192004290052,55.96271184114683
121.6133°E,23.9751°N,29.8,75,0.0,12.1,7.864,23.0,1.8,89,晴有靄,16.1,2513.2944613310074,0.01099341499373257,25.332269592996326,25.700522003122572,57.74663206056617
121.6133°E,23.9751°N,29.2,78,0.0,10.1,7.378,20.0,1.8,88,晴有靄,16.1,7429.320355947959,0.005064349116707893,81.55382653887234,23.10146107838169,57.70602186163535
121.6133°E,23.9751°N,29.3,81,0.0,11.0,7.658,13.2,3.0,88,晴有靄,16.1,9330.47937199896,0.015165406393751024,30.306295178938967,22.60930094183619,46.62899419122655
121.6133°E,23.9751°N,29.4,76,0.0,10.3,7.372,20.0,2.6,88,晴有靄,16.1,3933.161671858059,0.026219557995767497,79.7917673036475,23.833377566730036,57.39824416211074
121.6133°E,23.9751°N,29.3,79,0.0,11.3,7.592,20.0,1.8,88,晴有靄,16.1,9703.532885995995,0.005171367769546013,71.25822058460683,24.543088081999187,49.816221880079034
121.6133°E,23.9751°N,29.3,76,0.0,10.5,7.439,19.0,1.8,88,晴有靄,16.1,9442.197720944514,0.004466870453867259,34.21830848583508,24.605722690509253,54.27223561180347
121.6133°E,23.9751°N,29.5,75,0.0,11.1,7.417,19.0,3.6,88,晴有靄,16.1,854.510523670566,0.008547514672530312,79.51910809319962,22.872305005125327,42.731019065996634
121.6133°E,23.9751°N,29.1,80,0.5,5.9,6.144,17.2,7.0,87,多雲有靄,16.1,7505.922705514506,0.005033779655100528,34.582583756569626,22.770571905720907,54.412400062452505
121.6133°E,23.9751°N,29.5,78,0.0,10.6,7.286,20.6,6.0,87,多雲有靄,16.1,657.6078591440242,0.001128674366270908,80.16881172414234,23.38880473460354,43.62575980742563
121.6133°E,23.9751°N,28.3,85,17.0,6.8,5.614,16.2,8.4,87,多雲有雨,16.1,26.539410594180556,0.003063222164547206,3.9329984228927417,22.771729900932858,45.15919474568205
121.6133°E,23.9751°N,28.4,84,0.5,7.4,6.622,17.0,4.8,87,多雲有靄,16.1,3647.814907107275,0.003710279462687606,9.204979097197919,22.306503090901106,49.182397209611736
121.6133°E,23.9751°N,29.0,79,0.0,10.4,7.167,20.0,2.8,87,晴有靄,16.1,3097.111545327482,0.010158521132697643,34.65884506699521,23.003720186341724,53.91147534352082
121.6133°E,23.9751°N,29.0,78,0.0,10.2,7.211,20.0,3.4,87,晴有靄,16.1,1371.0725557450064,0.008391015471241079,29.199682145108063,24.978517842370028,47.12910891005609
121.6133°E,23.9751°N,29.3,79,0.0,11.5,7.803,17.8,6.4,86,多雲有靄,16.1,8385.830998825317,0.014495650477082705,63.26534186157397,23.13427300013361,56.64963248459317
121.6133°E,23.9751°N,29.3,79,0.0,11.3,7.472,18.6,7.4,86,多雲有靄,16.1,2591.5476311544403,0.004085777510455957,60.18736416102922,23.85708844350253,55.130087749934745
121.6133°E,23.9751°N,29.7,72,0.0,11.6,7.603,25.0,5.6,86,多雲,16.1,5412.237197548265,0.010630097207092674,25.662017410000338,25.974067719620376,56.885742891123385
121.6133°E,23.9751°N,29.0,74,13.5,6.4,4.628,23.0,5.0,86,多雲有雨,16.1,4758.142751077333,0.06642167468095701,43.4930259285687,24.72888686973536,44.28283320107083
121.6133°E,23.9751°N,26.4,93,233.0,0.0,0.775,8.0,10.0,86,陰有雨,16.1,4411.8165718878445,0.0115407465356368,94.94186141113727,24.429899328542053,39.204371698630936
121.6133°E,23.9751°N,25.6,95,202.0,0.0,1.442,9.6,10.0,85,陰有雨,16.1,5562.250877452458,0.000918651931742635,83.51526861723298,24.561755031435155,43.554832041746955
121.6133°E,23.9751°N,25.5,90,22.0,0.0,1.903,11.0,10.0,85,陰有雨,16.1,6444.97216731155,0.025119436075805905,62.18360325683211,22.566633821341902,45.375532729747164
121.6133°E,23.9751°N,27.0,85,1.5,4.3,5.344,12.0,8.4,85,多雲有雨,16.1,9477.763861335949,0.0061690809126315315,47.766425577190994,22.202101563453972,46.60812503220431
121.6133°E,23.9751°N,27.9,85,0.0,7.3,5.692,15.0,7.6,85,多雲有靄,16.1,2641.760839078289,0.033790818841902194,97.90242837689553,25.563160149516698,47.13966075415296
121.6133°E,23.9751°N,28.3,80,0.0,6.3,5.228,17.0,6.2,84,多雲有靄,16.1,5951.043269631537,0.003466948792633183,4.7162663136521505,24.878759611165933,45.16432217902974
121.6133°E,23.9751°N,28.4,79,0.0,9.3,6.711,19.0,3.8,84,晴有靄,16.1,4390.939317531522,0.005335967169492165,21.913211640693696,23.200758517909833,53.088164261120355
121.6133°E,23.9751°N,28.7,81,0.0,9.3,6.539,20.0,3.2,84,晴有靄,16.1,5239.0374182689475,0.005113808132623727,6.476168149784545,22.103578102186148,55.185033346945346
121.6133°E,23.9751°N,28.9,75,0.0,12.0,7.475,21.2,7.2,83,多雲有靄,16.1,6870.304114395906,0.015314673681002285,15.076377028518218,25.835234615936866,57.94676886880633
121.6133°E,23.9751°N,29.7,74,0.0,11.3,7.406,20.0,3.2,83,晴天,16.1,9633.918217208442,0.005657079009876074,7.855171112256675,25.52405085046315,54.23197772037365
121.6133°E,23.9751°N,29.5,82,0.0,4.5,4.628,17.0,4.2,82,多雲有靄,16.1,3218.3985982928866,0.006773502107000804,27.324111688328056,22.19821434929779,41.39060530150582
121.6133°E,23.9751°N,29.6,79,0.0,9.7,7.214,19.0,2.0,82,晴有靄,16.1,4928.466297582165,0.024176856154690222,49.81898071415804,23.652183467070504,53.241951207754376
121.6133°E,23.9751°N,28.2,84,3.5,4.1,4.047,14.2,9.2,81,陰有雨,16.1,6200.664133907913,0.006842089307445227,46.57348138926272,23.047748786795225,45.932062002603416
121.6133°E,23.9751°N,28.8,80,0.0,8.7,7.056,19.2,5.2,81,多雲有靄,16.1,5766.65318087254,0.013388687564248214,24.32311204510037,25.444845156894935,49.78513355781752
121.6133°E,23.9751°N,29.1,79,0.0,10.0,6.947,16.8,2.6,81,晴有靄,16.1,1601.464742177264,0.009926964356722823,85.35860145776634,25.418711467127995,40.798082514495846
121.6133°E,23.9751°N,29.5,76,0.0,9.4,6.886,17.2,3.4,80,晴有靄,16.1,3573.047099327775,0.0021550080830061106,67.18827427081612,25.614743560815448,50.6211789012912
121.6133°E,23.9751°N,29.6,75,0.0,10.6,7.167,22.0,2.2,80,晴有靄,16.1,2655.501499306491,0.0009480012651464612,97.86024317147083,22.396142955235526,48.03898747566085
121.6133°E,23.9751°N,28.0,83,4.5,2.7,3.606,18.6,7.6,80,多雲有雨,16.1,9142.417232586082,0.008135485889263659,84.86669652932888,24.00790198814635,54.51832757197121
121.6133°E,23.9751°N,27.4,87,3.0,5.6,4.378,17.0,6.4,80,多雲有雨,16.1,2157.5114870458224,0.01103408707065076,69.82089873154393,25.279076797479952,54.237105463047044
121.6133°E,23.9751°N,26.4,86,0.5,1.2,4.161,16.0,7.8,79,多雲有靄,16.1,2481.677989445008,0.054839036127510864,40.69325044894543,23.295030960641036,55.485863712487784
121.6133°E,23.9751°N,28.4,82,0.0,8.5,6.717,23.0,7.2,78,多雲有靄,16.1,5655.591639799155,0.01526244743037014,12.975262059293458,23.347819098585845,52.95052039080255
121.6133°E,23.9751°N,29.1,79,0.0,9.4,7.011,23.0,3.6,78,晴有靄,16.1,4627.449685760562,0.012702903074368908,34.095177425375155,23.924024083129755,49.03884124981644
121.6133°E,23.9751°N,29.7,76,0.0,10.0,7.047,24.0,4.6,78,多雲有靄,16.1,1703.4183496051437,0.007006797753263568,95.1528151771571,21.993892903610472,52.91852754201973
121.6133°E,23.9751°N,29.0,80,5.0,9.4,6.636,24.0,7.6,77,多雲有雨,16.1,3843.56330163835,0.021677968966471842,36.514931180397205,22.44694572058232,39.99883686401189
121.6133°E,23.9751°N,29.0,77,0.0,10.8,6.992,20.0,3.0,77,晴有靄,16.1,7173.969884894676,0.03420115053351182,74.78950353271534,22.452697376320565,50.0901722216713
121.6133°E,23.9751°N,29.0,75,0.0,9.2,6.683,20.0,3.8,77,晴有靄,16.1,5406.462475868686,0.0034674099099371723,44.136987864371015,23.813796618666625,55.29781903671107
121.6133°E,23.9751°N,29.0,75,0.0,9.6,6.997,24.0,4.0,76,多雲有靄,16.1,8059.765106287074,0.004868632863005603,70.36422853240552,25.83198809402616,54.186826021750875
121.6133°E,23.9751°N,29.1,74,0.0,11.0,7.214,17.8,3.2,76,晴天,16.1,1824.732359997026,0.006827073123589933,25.73350662910133,25.10045323270197,50.56881282123927
121.6133°E,23.9751°N,29.0,77,14.0,9.0,6.775,17.8,7.4,75,多雲有雨,16.1,2823.0429648461327,0.013003761835556515,22.99377008676239,23.070394979582513,44.553714000111825
121.6133°E,23.9751°N,27.0,89,44.0,2.3,3.197,14.8,9.2,75,陰有雨,16.1,9638.603586050736,0.0046460512812247536,73.41455948471966,23.823599951637107,46.86707782140596
121.6133°E,23.9751°N,26.2,92,73.0,2.0,2.725,15.4,9.4,75,陰有雨,16.1,8298.721246837054,0.00156081036217064,23.961022845000212,23.44811692295289,42.804110777492625
121.6133°E,23.9751°N,27.3,89,170.0,0.0,0.4,6.8,10.0,74,陰有雨,16.1,3150.4214417355493,0.05791873928843878,37.4451001554101,24.070204409724536,55.779266527289366
121.6133°E,23.9751°N,26.8,95,120.5,0.0,1.028,8.4,10.0,73,陰有雨,16.1,7838.361865461011,0.006082892437015195,58.321755216531024,25.39047429547429,53.23230202361867
121.6133°E,23.9751°N,27.4,91,29.5,6.8,5.417,21.0,7.6,73,多雲有雨,16.1,9416.53511113785,0.014376751833598498,30.798243022698323,24.085131355446542,43.87481894268015
121.6133°E,23.9751°N,27.7,87,12.0,7.5,5.853,19.0,6.0,73,多雲有雨,16.1,9448.049211216843,0.0009621300263644953,58.45723604001796,25.339378061372187,43.69699035716841
121.6133°E,23.9751°N,26.4,89,5.5,2.1,3.547,13.0,9.4,72,陰有雨,16.1,8048.917618663495,0.004227725354034061,84.28469047877142,22.532873168353674,55.106424888103305
121.6133°E,23.9751°N,25.0,89,1.5,2.9,4.075,16.2,9.4,72,陰有雨,16.1,6867.504519547849,0.00749249129914547,69.24892928309406,25.285326024876007,46.67692914518145
121.6133°E,23.9751°N,25.8,77,0.0,4.9,5.486,19.6,7.8,71,多雲有靄,16.1,3733.889771973702,0.00710710047356392,66.75069853408093,25.866511670457808,52.714050436896365
121.6133°E,23.9751°N,26.4,76,0.0,10.3,6.819,20.0,3.0,71,晴有靄,16.1,2023.4192163237562,0.006339805161841169,71.50101571661655,22.099904749095277,39.74523503136391
121.6133°E,23.9751°N,27.1,76,0.0,11.1,7.036,22.6,2.6,70,晴有靄,16.1,7120.644219309687,0.030922514933067746,5.5763775965410485,24.270117358659807,48.2527271892957
121.6133°E,23.9751°N,27.0,78,0.0,11.3,6.942,19.2,3.6,70,晴有靄,16.1,8887.108299624071,0.01879167866449425,84.75301467542916,24.993997091821942,41.09646570135507
121.6133°E,23.9751°N,27.4,76,0.0,11.3,6.886,18.6,1.6,70,晴有靄,16.1,5687.476128013583,0.004020025559902704,98.0178098408297,25.17184394207762,55.95166259007231
121.6133°E,23.9751°N,27.7,77,0.0,9.4,6.556,19.6,5.0,69,多雲有靄,16.1,3742.441245678455,0.009686470349742807,31.959674110466764,22.56390011401278,56.55443720296669
121.6133°E,23.9751°N,28.0,80,0.0,8.3,5.986,22.0,7.2,69,多雲有靄,16.1,1910.036718634239,0.021157249615224305,43.83728957862157,25.42261346695662,55.07957877389044
121.6133°E,23.9751°N,27.9,82,0.0,3.3,4.694,20.0,8.6,68,多雲有靄,16.1,7104.907433595288,0.02309739600231783,62.590032609128365,25.704111458657607,41.168700820243586
121.6133°E,23.9751°N,28.3,78,0.0,10.3,6.703,20.0,2.4,68,晴有靄,16.1,7490.992953304123,0.004958068279062655,8.575909794857417,24.454964077329763,54.70985755207854
121.6133°E,23.9751°N,28.3,78,0.0,10.8,6.811,20.0,1.6,68,晴有靄,16.1,4751.189987351877,0.03966910136133591,84.36167592491796,24.996421160816663,40.32369377052494
121.6133°E,23.9751°N,28.3,75,0.0,9.3,6.497,23.0,3.2,67,晴有靄,16.1,3288.0622108917596,0.019855269587020427,6.253940041106021,22.66998328535906,45.38788344953768
121.6133°E,23.9751°N,28.5,78,0.0,10.0,6.539,20.0,1.2,67,晴有靄,16.1,1973.6605147735647,0.010206356651227344,35.57289316861104,23.56571837657174,56.11828653031724
121.6133°E,23.9751°N,28.8,77,0.0,10.5,6.658,17.4,2.8,66,晴有靄,16.1,3283.4666077371703,0.009889554610188861,32.047260471838555,24.056846366521786,40.997873368816805
121.6133°E,23.9751°N,28.4,74,0.0,11.1,6.703,22.6,1.6,66,晴天,16.1,7986.011097125912,0.006639319968464316,64.93026081922677,25.58641625812731,50.17343750701845
121.6133°E,23.9751°N,28.5,76,0.0,11.2,6.719,19.2,2.6,65,晴有靄,16.1,9836.117445070993,0.033770750108132054,45.29259726702101,25.252594674751244,52.54316036792945
121.6133°E,23.9751°N,28.0,79,14.0,4.3,4.767,18.0,7.4,65,多雲有雨,16.1,5384.952217350787,0.011468711122153813,64.25477259390162,24.360114073999377,43.831384665706985
121.6133°E,23.9751°N,28.6,75,0.0,8.6,5.881,16.2,3.8,64,晴有靄,16.1,9010.398560118814,0.0021486229530531167,65.99013045023,25.255146826243763,48.57221626611269
121.6133°E,23.9751°N,28.8,74,0.0,8.7,5.739,15.6,5.4,64,多雲,16.1,6258.8761822990755,0.0009743594856151559,58.79738816855449,22.55605267034909,43.60412584977554
121.6133°E,23.9751°N,29.1,77,0.0,9.3,6.114,19.6,2.6,63,晴有靄,16.1,6753.512756860124,0.00014187911271067546,20.816369960162096,22.862711474482836,46.01728268091833
121.6133°E,23.9751°N,28.5,73,0.0,4.8,4.828,17.0,6.4,63,多雲,16.1,1559.988202286708,0.03258834689378757,17.769800353011746,23.24312369868052,55.08942675954093
121.6133°E,23.9751°N,27.5,68,0.0,4.0,3.764,13.8,6.2,63,多雲,16.1,2864.9846566139086,0.0017590950942724872,75.43596528167207,22.677649771605616,52.709088974016694
121.6133°E,23.9751°N,28.4,70,0.0,6.9,4.831,21.6,7.4,62,多雲,16.1,5325.233713983426,0.005568765082174306,80.79659026022678,25.47110777423078,57.811950453171576
121.6133°E,23.9751°N,28.7,79,16.0,0.2,1.9,13.4,10.0,62,陰有雨,16.1,4527.001656690027,0.013700503313276075,86.86481472624915,22.472811197692835,55.87159601609919
121.6133°E,23.9751°N,26.6,91,36.0,0.0,1.242,8.8,10.0,61,陰有雨,16.1,241.56675285282049,0.020422945207066813,81.59434662940922,23.928621494081582,46.80091307410292
121.6133°E,23.9751°N,25.7,92,34.0,1.8,3.469,13.6,10.0,61,陰有雨,16.1,3776.9821124382593,0.010445530566964747,86.82682238748023,25.02574184780655,39.97987742238614
121.6133°E,23.9751°N,26.0,89,2.5,3.4,3.511,15.0,8.2,61,多雲有雨,16.1,6919.457285258955,0.011562085457760314,15.161607955216105,24.11089214202236,51.950314379196186
121.6133°E,23.9751°N,26.2,90,52.5,2.0,3.656,14.4,8.8,60,多雲有雨,16.1,8942.867511687482,0.0058957656832458695,54.78559858680612,24.61991762391322,49.394283470785595
121.6133°E,23.9751°N,26.2,90,8.5,7.0,5.353,22.0,6.4,60,多雲有雨,16.1,7378.167212224165,0.014950428771273621,75.29279419666133,24.32218048340757,42.87498856572296
121.6133°E,23.9751°N,24.7,94,29.0,0.4,2.103,12.4,9.6,60,陰有雨,16.1,7391.000671892222,0.010431309842186222,25.630336967663702,22.177115287923804,39.518316318240295
121.6133°E,23.9751°N,25.5,77,0.5,0.6,3.078,18.0,9.4,59,陰有靄,16.1,4046.553442949893,0.01359156873507949,12.094819524620382,24.350195063289583,53.38443806435639
121.6133°E,23.9751°N,24.1,81,0.5,0.2,1.981,15.0,9.0,58,陰有靄,16.1,6280.617277229331,0.0050325969012583694,48.89202762282425,25.79943484316733,39.36018191563807
121.6133°E,23.9751°N,23.2,78,2.0,0.0,1.286,13.8,10.0,58,陰有雨,16.1,7852.549124205241,0.0123449664629863,26.302484930774327,22.855868254623594,40.36997680936187
121.6133°E,23.9751°N,23.0,77,0.5,0.0,0.664,9.6,10.0,57,陰有靄,16.1,5543.919873781725,0.006414194636225733,43.566024646585134,23.36573795836861,47.78926701594561
121.6133°E,23.9751°N,24.9,77,0.0,0.7,3.194,15.0,9.2,57,陰有靄,16.1,7262.347017084233,0.006220602286852155,7.447290335622025,24.010968063507267,51.70856852128928
121.6133°E,23.9751°N,25.4,82,1.5,3.0,3.656,15.2,8.8,56,多雲有雨,16.1,4850.021963582103,0.0014856597099278971,7.8264143241744915,24.3093506706124,35.932745850351246
121.6133°E,23.9751°N,23.8,90,9.5,1.1,2.806,19.2,9.4,55,陰有雨,16.1,9611.051053269197,0.005947282763073954,99.82633030948801,25.575506348137292,38.63051786913253
121.6133°E,23.9751°N,25.6,82,0.5,7.0,5.383,19.0,4.2,54,多雲有靄,16.1,4260.041347266626,0.017799523987831932,37.148059382653344,23.62823534099949,39.427384925275184
121.6133°E,23.9751°N,25.2,85,31.0,5.4,4.669,18.0,7.6,54,多雲有雨,16.1,8526.56277707921,0.0036760215327183822,41.572049880195905,24.170327567058482,45.1302981921073
121.6133°E,23.9751°N,24.4,87,13.5,5.7,4.375,13.8,6.8,54,多雲有雨,16.1,1928.9398674572792,0.01815506259952159,47.33134938917088,23.652041338891454,46.5864342598406
121.6133°E,23.9751°N,23.6,89,13.0,1.3,2.061,11.2,9.0,53,陰有雨,16.1,8610.165196030932,0.009000897805788596,24.45596128014501,22.856326921689707,43.65401654871161
121.6133°E,23.9751°N,21.4,91,17.0,0.0,0.958,9.6,10.0,53,陰有雨,16.1,2055.542575493153,0.00044865999701395047,22.511051918104485,23.649447851969256,42.09139434343363
121.6133°E,23.9751°N,22.8,88,26.5,0.0,1.483,10.6,10.0,52,陰有雨,16.1,3056.8313084644037,0.024513601275855824,44.235486817069436,24.630903306253856,45.930100761763164
121.6133°E,23.9751°N,23.6,85,2.0,1.4,2.789,19.4,8.4,52,多雲有雨,16.1,9439.87302178542,0.0086272027106192,94.8492439677151,25.521903356239008,35.06053111466801
121.6133°E,23.9751°N,23.8,84,14.5,2.2,2.944,14.0,8.4,52,多雲有雨,16.1,5010.342733380376,0.01275134708894506,31.21361851188945,23.52616075268882,35.36950727738104
121.6133°E,23.9751°N,24.7,79,0.0,7.3,4.831,20.6,3.4,51,晴有靄,16.1,3563.419785770951,0.012677979543041793,35.270321326633095,22.842002738700987,46.90215469441188
121.6133°E,23.9751°N,24.7,80,0.0,9.4,5.267,17.2,3.0,51,晴有靄,16.1,37.52308362824379,0.02113190869278366,62.65513385375802,24.54981531436548,51.742417038274894
121.6133°E,23.9751°N,25.0,74,0.0,10.0,5.314,21.6,1.8,51,晴天,16.1,6261.6888553773015,0.018705968610860407,35.376060055570434,23.27451630749537,41.59830154645171
121.6133°E,23.9751°N,24.1,74,0.0,0.6,2.783,15.0,9.2,50,陰天,16.1,2445.6312677495575,0.003364238541710683,57.10471795087152,24.076767050361916,52.61467142762638
121.6133°E,23.9751°N,25.4,77,0.0,9.0,4.997,15.6,4.4,49,多雲有靄,16.1,5964.77543071956,0.0076534212072588165,15.01998294036846,22.8464911737211,45.67137086571205
121.6133°E,23.9751°N,25.6,81,1.0,7.9,4.731,21.0,2.4,49,晴有雨,16.1,5120.99183906307,0.0018296358911335027,77.66612658530485,22.451484050892965,48.201699500428006
121.6133°E,23.9751°N,23.8,77,0.0,1.2,2.7,18.0,9.6,48,陰有靄,16.1,8769.125873144705,0.024159205091506403,86.26310878466855,23.11510171214718,39.86104221365731
121.6133°E,23.9751°N,21.2,72,0.0,0.1,1.658,16.0,9.6,48,陰天,16.1,5519.435577233324,0.022095836105086156,92.25025618403538,23.878583243844048,34.204525537258164
121.6133°E,23.9751°N,21.1,79,5.0,0.4,2.236,17.2,9.4,48,陰有雨,16.1,1361.2008221597864,0.009016867033610536,59.12285256641532,23.288906041961578,38.84032258358579
121.6133°E,23.9751°N,21.8,86,0.5,1.5,2.975,17.0,9.0,48,陰有靄,16.1,4735.2901869606385,0.01953954628554189,87.39045971283568,23.43837594366774,35.16213374680024
121.6133°E,23.9751°N,18.9,54,0.0,4.9,3.203,16.4,5.6,47,多雲,16.1,7565.225304879683,0.029344437398511634,20.885585735974953,25.949958199779644,44.486470076730875
121.6133°E,23.9751°N,19.5,61,0.0,9.8,4.889,21.0,2.4,47,晴天,16.1,8983.83048131952,0.0064955793608078485,31.887932044027668,23.31632205392384,36.901544549166346
121.6133°E,23.9751°N,22.0,72,0.0,5.4,3.606,18.0,5.0,46,多雲,16.1,7467.4198584441265,0.0033308550244911398,61.39758947906373,25.159971312361893,48.178158074324124
121.6133°E,23.9751°N,22.2,70,0.0,5.1,3.664,19.2,4.6,46,多雲,16.1,1713.6858774037864,0.001785555393463644,18.225652276695026,22.195584054494777,48.36533058034398
121.6133°E,23.9751°N,22.6,66,0.5,9.2,4.728,19.0,3.2,46,晴天,16.1,3528.227106626825,0.012781557606327668,29.961511116392703,23.019049772169296,42.17970595434035
121.6133°E,23.9751°N,22.2,65,0.0,2.0,1.539,15.4,8.4,46,多雲,16.1,124.40281526672332,0.0037694239823988845,73.18900704632391,25.552656305064104,52.03567093103523
121.6133°E,23.9751°N,20.9,82,2.5,1.1,2.625,16.6,8.8,45,多雲有雨,16.1,5390.501966928993,0.0025446760752909133,40.3035167563831,24.916148477161197,33.992989572485584
121.6133°E,23.9751°N,22.3,62,0.5,1.4,3.178,13.8,7.4,45,多雲,16.1,6409.176172295825,0.0015375896739042954,66.954085002039,25.39833152322774,33.60555504032501
121.6133°E,23.9751°N,22.0,66,0.0,6.2,4.422,15.6,6.0,45,多雲,16.1,5653.787354381494,0.007819565378312339,44.8093063334482,22.51147067927385,49.96874234998279
121.6133°E,23.9751°N,21.2,83,0.5,0.4,2.45,20.0,8.2,44,多雲有靄,16.1,3334.1448698866348,0.009388889717139217,81.2863504254356,25.65093479380115,34.196512061265025
121.6133°E,23.9751°N,22.5,86,5.5,1.8,2.881,16.6,8.4,44,多雲有雨,16.1,6826.111349676021,0.0032393388283481167,83.77146372327806,23.411095169632198,32.641735018376174
121.6133°E,23.9751°N,20.4,94,8.0,0.0,1.35,10.0,10.0,44,陰有雨,16.1,2015.4589286754906,0.004102985288739229,18.669693802541442,25.103638997789794,47.46795635795735
121.6133°E,23.9751°N,20.5,88,1.5,0.0,1.242,10.6,10.0,44,陰有雨,16.1,3732.413457974521,0.005686323613564212,46.349223880688115,23.070675546457274,31.359829704121726
121.6133°E,23.9751°N,20.4,71,0.0,8.8,4.642,13.8,3.4,43,晴天,16.1,5864.941990185833,0.0032777416508933885,4.40085740878875,25.364065108822345,42.76462669738483
121.6133°E,23.9751°N,22.1,77,0.0,8.3,4.492,22.6,2.4,43,晴有靄,16.1,3830.11007158675,0.008349655765440441,79.15653619191015,23.083069528768775,33.31025634672296
121.6133°E,23.9751°N,22.7,82,0.0,7.7,4.486,16.8,3.8,43,晴有靄,16.1,1070.876887604083,0.0027473199489394134,70.87478960945752,24.71422409295858,49.982507381868935
121.6133°E,23.9751°N,23.6,76,0.0,9.4,4.703,22.6,3.0,43,晴有靄,16.1,6644.448474329348,0.0033118800980840007,5.067589796756167,23.62807823613413,38.696476243551565
121.6133°E,23.9751°N,18.2,64,0.0,0.7,2.286,24.0,9.2,43,陰天,16.1,4947.394561115821,0.007294483391975296,80.83650571528716,25.79736757669545,35.86728869591172
121.6133°E,23.9751°N,19.7,76,0.0,4.8,4.147,18.8,4.4,43,多雲有靄,16.1,1946.637846429459,0.004768441862893181,99.46094653806148,24.654951168124477,37.5033006518896
121.6133°E,23.9751°N,20.8,78,0.5,3.4,3.275,22.0,7.8,43,多雲有靄,16.1,7656.8720266840855,0.013389211676508597,46.04708574613291,25.38049077177503,34.42674058466135
121.6133°E,23.9751°N,18.6,81,5.0,0.0,1.128,9.6,10.0,43,陰有雨,16.1,8084.460881933059,0.00783060538663132,6.070709117461082,22.784786936044682,38.08275730011674
121.6133°E,23.9751°N,14.8,56,0.0,0.0,1.158,15.0,10.0,43,陰天,16.1,3729.224313814667,0.0032916661345891835,34.52127542629477,24.406973693780945,43.029657990264056
121.6133°E,23.9751°N,16.8,71,2.0,0.7,2.939,20.0,9.0,43,陰有雨,16.1,1943.4182270045037,0.003259744110099007,56.592957604180214,24.66091655486362,41.573955906639746
121.6133°E,23.9751°N,17.8,71,0.5,1.1,3.069,16.8,8.0,43,多雲,16.1,7955.135012349321,0.00622330005547815,68.68772795206854,22.944623959747652,42.74039727673292
121.6133°E,23.9751°N,17.0,60,0.0,0.0,1.178,15.0,10.0,43,陰天,16.1,6314.961236927912,0.004909864876335115,10.924952073215676,22.733705000622997,27.827483709738004
121.6133°E,23.9751°N,17.7,65,0.0,4.6,3.392,18.0,4.8,43,多雲,16.1,5978.173985387481,0.014550874563862884,51.29189627290276,23.53759649080321,39.84761730696465
121.6133°E,23.9751°N,19.4,93,15.0,0.1,1.425,10.2,10.0,43,陰有雨,16.1,7090.7358161366,0.0054062404217634944,5.786990897787014,25.15094666340312,47.38653545320366
121.6133°E,23.9751°N,21.1,86,1.0,1.0,3.136,19.0,9.2,43,陰有雨,16.1,8083.158523304276,0.0025563575066026548,58.68515937770623,23.404087055967096,38.587009008861244
121.6133°E,23.9751°N,18.5,68,0.0,0.0,0.867,10.8,10.0,43,陰天,16.1,2286.267940162523,0.00207476413378103,96.79478395319214,22.415404285981367,39.781154998040286
121.6133°E,23.9751°N,19.1,72,0.0,6.3,4.192,18.2,5.0,43,多雲,16.1,2922.1083385747233,0.032764430622877753,34.6577778304731,24.01868524621256,43.21937266064926
121.6133°E,23.9751°N,18.2,74,0.0,0.5,1.586,14.0,7.4,43,多雲,16.1,5502.252925877787,0.023156025611195605,35.46417194956136,23.63830182306608,47.473895302768945
121.6133°E,23.9751°N,18.8,65,0.0,5.8,3.894,14.4,4.0,43,多雲,16.1,9644.944889563352,0.018163686238224716,68.0434431329632,22.41585183861878,44.668310856714456
121.6133°E,23.9751°N,19.3,72,3.5,7.8,4.569,19.6,3.2,43,晴有雨,16.1,8250.469390019542,0.0019367662578813596,77.53026396368685,23.930929527136282,31.256495277647474
121.6133°E,23.9751°N,18.7,77,1.5,2.1,2.922,21.0,6.6,44,多雲有雨,16.1,5496.726670283501,0.005096103713994588,18.25041648318775,22.33688047746778,35.578498571534574
121.6133°E,23.9751°N,20.0,76,0.0,4.2,3.583,17.0,5.2,44,多雲有靄,16.1,8005.37052495181,0.000640899548262274,17.220842411402437,24.626277216333673,35.26859730981951
121.6133°E,23.9751°N,16.4,61,0.0,0.8,2.147,14.0,10.0,44,陰天,16.1,4966.488802832009,0.0038637280334908896,92.17868705477635,23.365887537588392,36.99636587295724
121.6133°E,23.9751°N,19.3,69,0.0,3.1,3.317,23.0,7.0,45,多雲,16.1,2477.300655379004,0.00420063152128732,22.455650633470412,23.617406105937484,47.24891070947244
121.6133°E,23.9751°N,18.7,81,1.5,1.1,2.369,12.6,7.6,45,多雲有雨,16.1,2683.6746403186826,0.0007212017035185054,95.91685981460985,23.227078057617273,47.71711293327709
121.6133°E,23.9751°N,20.3,65,0.0,8.6,5.206,24.0,3.4,45,晴天,16.1,1439.7241768725928,0.031831969367560435,10.67492376010286,25.591554509233884,46.351187295755636
121.6133°E,23.9751°N,20.8,74,0.0,1.1,3.197,17.0,5.8,46,多雲,16.1,5595.666168993017,0.0007138580693622247,93.70675999571696,22.88488075239197,31.18604732488276
121.6133°E,23.9751°N,21.5,81,0.5,4.3,3.853,21.6,6.8,46,多雲有靄,16.1,24.275178273367434,0.021535350282139307,41.668965051814986,22.456004448827645,36.1114677346152
121.6133°E,23.9751°N,17.5,71,0.0,0.4,2.308,21.0,9.6,46,陰天,16.1,9263.038608369096,0.0122342069105565,4.53776299978379,23.737355225466676,45.734862627475295
121.6133°E,23.9751°N,14.9,86,1.0,0.0,0.694,10.2,10.0,47,陰有雨,16.1,7118.605649085256,0.011102364228412013,63.98251157637396,22.584667053324093,34.42629544285388
121.6133°E,23.9751°N,15.5,90,1.5,0.0,0.422,12.6,10.0,47,陰有雨,16.1,12.187603018792093,0.008177297580891649,9.68642808833523,25.33048751399988,36.82322532471455
121.6133°E,23.9751°N,15.7,80,2.5,0.0,0.758,10.0,10.0,48,陰有雨,16.1,8367.537357063708,0.0003290799364047914,64.63548566013529,25.387915402690915,27.147479780880985
121.6133°E,23.9751°N,22.0,80,0.0,2.2,3.267,16.0,7.6,49,多雲有靄,16.1,367.49317536009653,0.010556047538816185,92.5594279735413,25.56987395102222,33.46055300207348
121.6133°E,23.9751°N,21.9,89,5.5,1.2,2.917,14.0,9.4,49,陰有雨,16.1,4916.858760297669,0.001018834405232555,48.412868552287534,23.291476899597004,35.640807143915296
121.6133°E,23.9751°N,21.3,91,0.5,0.4,2.525,15.6,9.2,49,陰有靄,16.1,4696.115210010324,0.0016436275482570436,23.455694525508687,22.8745342867279,39.86347203346802
121.6133°E,23.9751°N,22.2,89,1.0,1.0,2.711,14.6,9.6,50,陰有雨,16.1,1644.9167540560213,0.0016876377135832785,78.72121943297155,23.08074143438367,37.18095950333974
121.6133°E,23.9751°N,19.6,90,4.0,0.0,0.886,10.8,10.0,50,陰有雨,16.1,9971.103640187865,0.0176022368895016,49.009741510751084,23.174970937311052,35.06134184025504
121.6133°E,23.9751°N,19.5,83,1.0,0.2,1.889,16.6,9.4,51,陰有雨,16.1,9860.305327118751,0.020005935765254116,17.81323829002427,25.003763150263033,29.66355942788458
121.6133°E,23.9751°N,17.3,86,13.5,0.8,2.436,11.2,9.2,51,陰有雨,16.1,2302.93956537621,0.019536538467239427,20.70718437936708,25.30798538545947,45.96962226720794
121.6133°E,23.9751°N,16.4,82,7.0,0.3,2.614,12.6,10.0,51,陰有雨,16.1,9743.465223988522,0.025710186602860896,42.696996098717676,23.01937199059657,40.25775375773729
121.6133°E,23.9751°N,16.7,62,0.0,7.1,5.394,15.0,4.2,52,多雲,16.1,7387.361274572697,0.010036617140167146,12.807383598781064,22.409145553234616,29.309953586999157
121.6133°E,23.9751°N,19.3,63,0.0,4.7,4.553,20.6,4.2,52,多雲,16.1,2067.378731409021,0.0060119439155734535,70.07490866511796,23.086507290583263,44.606633060966686
121.6133°E,23.9751°N,20.0,67,0.0,10.4,6.169,22.0,1.0,53,晴天,16.1,3468.3776823518187,0.0042609309372075976,60.00704189079327,22.9264235917746,40.465371097564585
121.6133°E,23.9751°N,21.5,73,3.5,8.4,5.672,19.4,3.2,53,晴有雨,16.1,5007.752801391207,0.008133711539397142,39.26810796514694,24.931966205533673,44.161934754030156
121.6133°E,23.9751°N,18.9,84,2.5,0.0,1.408,11.2,10.0,54,陰有雨,16.1,4993.967052032317,0.0002496640712441753,11.742142928495003,24.948014839810337,38.03713157773373
121.6133°E,23.9751°N,20.3,85,1.0,6.0,5.258,23.0,4.4,54,多雲有雨,16.1,9824.823338216918,0.01096459035360946,16.160161575531095,25.387741536236177,42.77383712774061
121.6133°E,23.9751°N,22.5,80,0.0,3.0,4.25,16.4,8.4,54,多雲有靄,16.1,2849.4766879558156,0.02215142233702834,6.273081703775074,24.885314992002755,32.74666918373845
121.6133°E,23.9751°N,22.6,83,5.5,4.8,4.775,18.6,5.2,56,多雲有雨,16.1,9161.821793011188,0.0010615866852359515,30.926521698519437,25.14080576856749,38.74366784982563
121.6133°E,23.9751°N,18.4,86,4.5,0.0,2.439,12.2,10.0,56,陰有雨,16.1,804.9150085788967,0.0013824662332500132,5.638258718139877,25.27668093908678,37.07801357842637
121.6133°E,23.9751°N,16.9,87,1.5,0.0,1.006,9.2,10.0,57,陰有雨,16.1,3184.9746712462756,0.01250502192373736,93.00037314426172,23.82926605581443,30.057050593478152
121.6133°E,23.9751°N,15.6,87,1.0,0.0,1.292,10.4,10.0,57,陰有雨,16.1,7902.435678026741,0.002431387254130376,22.59649168543024,22.016813612985526,31.54184357903351
121.6133°E,23.9751°N,16.4,90,0.5,0.0,0.886,13.2,10.0,57,陰有靄,16.1,6099.582445203421,0.03789021172826303,31.656499554626116,23.789033925876183,44.85255689731143
121.6133°E,23.9751°N,19.5,85,2.0,6.4,5.328,19.0,8.2,58,多雲有雨,16.1,8005.872403131501,0.010582010688724124,24.481305612255245,25.96797894369325,34.60047927768915
121.6133°E,23.9751°N,20.9,88,1.5,1.3,3.683,21.0,9.0,58,陰有雨,16.1,1059.826474769334,0.009406309931401888,48.15325937716766,22.976379500151815,31.35348387936301
121.6133°E,23.9751°N,16.4,80,1.5,0.0,1.192,11.8,10.0,59,陰有雨,16.1,5835.132972371952,0.011804720678684842,14.214075558182039,25.799296566155125,38.02822324902111
121.6133°E,23.9751°N,15.0,84,5.0,0.0,1.839,12.0,10.0,59,陰有雨,16.1,6310.363233376472,0.0037920026018209694,54.9812293523613,25.701128657985663,32.55633482713773
121.6133°E,23.9751°N,17.3,85,2.0,1.5,3.672,16.0,9.0,59,陰有雨,16.1,5789.5192308514315,0.0033659832184120627,38.79208070626014,24.691883387603713,27.8644250660676
121.6133°E,23.9751°N,20.6,78,0.0,9.6,6.333,20.0,3.4,60,晴有靄,16.1,5213.292045464642,0.006607969240909302,9.30932421388777,22.393970906029026,37.170478064970226
121.6133°E,23.9751°N,23.5,79,0.0,5.3,4.253,20.0,3.8,60,晴有靄,16.1,8825.535481568335,0.02202787261705202,40.66873091839456,22.696321133033674,52.2348596676195
121.6133°E,23.9751°N,17.6,78,1.0,0.0,0.789,10.0,10.0,61,陰有雨,16.1,7580.704543405967,0.0038533185692664917,51.76333712521192,23.34935332672702,42.82833129927923
121.6133°E,23.9751°N,19.5,78,1.0,0.7,2.506,18.2,9.8,62,陰有雨,16.1,5549.684429168902,0.013417477876174175,26.665809794686123,24.50492836373977,41.08072517130519
121.6133°E,23.9751°N,19.3,67,1.0,2.1,3.006,14.4,9.0,63,陰有雨,16.1,26.11934785361684,0.00473516711742527,86.33341591423309,25.77026992843547,33.00161420230042
121.6133°E,23.9751°N,17.3,73,0.0,0.0,1.275,10.0,10.0,63,陰天,16.1,929.0974706526948,0.015668719575215487,18.27998609500433,25.084914313664157,28.886530476284086
121.6133°E,23.9751°N,19.7,75,0.0,1.7,2.883,13.0,9.0,64,陰有靄,16.1,5318.015488767777,0.015506927710150302,80.5671011741422,23.941163237543293,31.585942337353288
121.6133°E,23.9751°N,21.6,80,0.0,7.9,5.675,18.6,5.4,64,多雲有靄,16.1,476.4723573198532,0.027273941017575562,85.85721772771943,22.150503822100035,34.04037263988886
121.6133°E,23.9751°N,22.8,83,0.0,4.6,4.85,15.0,6.4,65,多雲有靄,16.1,8676.170699732755,0.01666931425551291,17.251139443774978,23.096929960556096,39.24291709432826
121.6133°E,23.9751°N,19.9,86,0.5,0.0,0.808,14.0,10.0,65,陰有靄,16.1,1981.3218499319044,0.0013781982218961728,94.35554535553152,24.64332950846519,32.49881002388619
121.6133°E,23.9751°N,18.6,84,1.0,0.0,0.9,9.2,10.0,66,陰有雨,16.1,1055.7061343866985,0.008914428509886758,57.604734238509614,25.638191833519315,36.4994144536052
121.6133°E,23.9751°N,18.0,57,0.0,0.0,1.964,15.0,10.0,66,陰天,16.1,61.74281248175606,0.04014373107284475,33.7434890729018,22.532553411899386,39.80191387148816
121.6133°E,23.9751°N,24.8,88,6.5,7.7,6.169,16.6,8.0,68,多雲有雨,16.1,9995.08553488356,0.03204664498179453,52.98732477894789,22.033001976745513,54.458550793401116
121.6133°E,23.9751°N,22.2,81,1.0,4.1,2.708,14.6,6.2,68,多雲有雨,16.1,8896.973618209367,0.0023986333287770592,98.0743808185728,22.73123293600613,32.750581379027004
121.6133°E,23.9751°N,21.0,81,0.0,0.1,2.947,13.8,9.8,69,陰有靄,16.1,7797.249869576653,0.0051635442096193565,57.14695445902274,24.818136813171513,34.73374651810424
121.6133°E,23.9751°N,23.3,82,0.0,7.7,5.578,21.0,6.2,69,多雲有靄,16.1,3890.45360879391,0.014204320885249708,77.12220966939982,25.24944483578103,41.69492865741256
121.6133°E,23.9751°N,23.6,81,0.5,4.7,4.453,20.0,8.2,70,多雲有靄,16.1,8918.91652843172,0.0015964762663767005,41.099493379210585,24.126913733963388,37.59130326342689
121.6133°E,23.9751°N,23.9,74,2.0,2.8,4.361,19.6,9.0,71,陰有雨,16.1,2226.7662980401774,0.004436766596254641,63.65659922844624,24.227731055814743,46.62932629255958
121.6133°E,23.9751°N,24.6,80,0.0,8.9,6.875,20.0,2.4,71,晴有靄,16.1,2617.181290810325,0.0064982383892223765,89.64895068551596,25.219669556255184,52.970214981301396
121.6133°E,23.9751°N,26.2,79,0.0,10.5,6.864,18.0,1.8,72,晴有靄,16.1,5643.675425065842,0.005889144577893528,71.4985796922405,21.988675398546675,50.2579137562863
121.6133°E,23.9751°N,23.1,88,1.5,0.1,1.294,9.2,10.0,72,陰有雨,16.1,6351.783635360041,0.029775765572832548,99.94796312524039,23.280521506656104,43.84989441999744
121.6133°E,23.9751°N,23.0,92,1.0,0.6,2.1,19.0,9.8,73,陰有雨,16.1,2600.830295438183,0.0010359822561397721,93.55843129530473,25.73795309786245,38.748233039666715
121.6133°E,23.9751°N,24.2,88,2.5,2.2,4.089,13.8,8.4,73,多雲有雨,16.1,8810.472024714543,0.0016400260967680462,23.997477403232416,25.855601605050296,37.97202918270934
121.6133°E,23.9751°N,21.4,85,1.0,0.0,0.944,12.0,10.0,74,陰有雨,16.1,8478.47191249234,0.0021266712512939016,88.9985200129071,22.492851594215967,38.03685264224975
121.6133°E,23.9751°N,24.2,78,0.0,9.9,6.783,23.0,2.6,75,晴有靄,16.1,4369.478417487374,0.0024586816164960004,14.34573945934069,25.548134650433987,38.299057062686956
121.6133°E,23.9751°N,25.5,82,0.0,8.0,5.714,19.0,3.6,75,晴有靄,16.1,100.00829536315801,0.0050668462138676275,99.39346951735459,24.40453447997681,37.19381247584309
121.6133°E,23.9751°N,27.9,83,2.0,4.5,5.014,13.2,9.0,76,陰有雨,16.1,1239.9683055964222,0.007642937515592842,82.67117260086471,23.488409992617882,51.593671000564996
121.6133°E,23.9751°N,27.3,82,0.5,8.9,6.675,20.0,2.4,77,晴有靄,16.1,118.10286456014322,0.0014405564516040733,22.178486310088708,25.439387858182776,47.23305405149631
121.6133°E,23.9751°N,24.6,78,0.5,0.2,1.325,13.6,9.0,77,陰有靄,16.1,3255.2919034316196,0.009578143650471898,65.46727598833135,22.591859212684177,41.51349474803017
121.6133°E,23.9751°N,24.2,80,0.0,0.1,2.883,22.0,10.0,77,陰有靄,16.1,6786.962714929841,0.030487909935948288,96.96769044816588,22.926422499015956,37.74320936091815
121.6133°E,23.9751°N,26.5,78,0.0,9.6,6.822,23.0,4.0,78,多雲有靄,16.1,129.8604510795631,0.007847900283552783,5.1507758210805665,24.558594091874554,44.48817745062647
121.6133°E,23.9751°N,27.1,77,0.0,6.5,6.072,19.2,7.6,78,多雲有靄,16.1,4608.173507355274,0.0013638719917177643,52.56123131568852,25.239004268427898,41.4705575438647
121.6133°E,23.9751°N,26.1,79,0.5,0.4,2.186,16.8,9.4,79,陰有靄,16.1,6012.883212472001,0.0031488410788021197,17.469536397329666,23.100790740916498,55.81186426866761
121.6133°E,23.9751°N,23.4,85,9.0,0.0,0.708,9.4,10.0,79,陰有雨,16.1,7702.738981994942,0.003104115253278636,41.479645146960756,22.91520678156009,48.33596778386151
121.6133°E,23.9751°N,23.4,87,6.0,2.0,3.167,19.6,9.2,79,陰有雨,16.1,892.0438671704385,0.029191737165030523,94.0944445526121,23.893242192583095,44.755039269300084
121.6133°E,23.9751°N,24.4,84,1.5,1.8,2.525,18.4,9.6,80,陰有雨,16.1,6844.564715807034,0.004108846594081095,28.757367645800503,25.501155576269475,50.42522071523524
121.6133°E,23.9751°N,25.4,83,0.5,0.7,2.128,22.0,9.4,80,陰有靄,16.1,2158.0785006744723,0.011574105249035481,5.998243797722358,23.838450932008584,35.72289245703327
121.6133°E,23.9751°N,27.7,76,0.0,10.3,7.061,19.6,4.4,81,多雲有靄,16.1,1985.6401213479946,0.01794022258379395,55.16724187113834,23.17442874182955,54.776360900854385
